Name_A2;1990;1995;2000;2005;2010;2015;2020;2025;2030;2035;2040;2045;2050;2055;2060;2065;2070;2075;2080;2085;2090;2095;2100
Albania;3293383;3211865;3239290;3467101;3663641;3901467;4129497;4362923;4591143;4797370;4972746;5123735;5267603;5250034;5239080;5227160;5220061;5231681;5266081;5316913;5370442;5427519;5494553
Bosnia and Herzegovina;4313313;3445612;4064828;4398273;4555704;4642357;4665603;4649528;4613854;4557869;4474790;4371870;4262899;4229469;4206521;4191663;4174871;4164971;4173716;4200979;4233730;4267608;4307553
Bulgaria;8728647;8464108;8114263;7869104;7601923;7318741;7034314;6770150;6529009;6304178;6078156;5839366;5600911;5554026;5517151;5486577;5468446;5469167;5486978;5518847;5556365;5601143;5657533
Croatia;4522560;4658643;4769838;4912338;5026132;5093263;5127313;5163911;5218333;5275093;5311081;5326605;5341905;5314259;5287427;5267655;5257245;5260987;5283649;5323676;5370371;5422053;5482617
Czech Republic;10318198;10390460;10501867;10674388;10784426;10812802;10789670;10750519;10694797;10614090;10487659;10335558;10185608;10121554;10054495;9979253;9929846;9932239;9965342;10017334;10076217;10150192;10248778
Hungary;10377135;10273458;10208751;10164977;10109562;10008103;9886126;9783657;9698041;9596886;9470391;9341099;9223010;9175407;9123646;9056744;9016878;9024433;9066055;9121528;9180210;9253374;9349387
Poland;38156016;38811545;39496070;40236341;40947250;41420998;41669918;41786997;41829947;41825216;41699880;41526574;41355351;41021845;40763283;40633420;40582235;40598285;40708447;40944146;41271788;41659035;42102530
Romania;23234264;22837248;22953859;23208522;23372623;23367760;23254736;23166053;23159040;23169895;23099805;22941494;22751960;22560111;22411166;22297526;22251525;22279554;22389092;22539636;22703759;22905913;23159947
Slovakia;5262401;5395025;5526345;5683382;5821108;5908293;5948362;5967519;5978334;5971636;5933870;5865664;5781160;5735385;5695969;5665645;5648998;5649609;5664850;5695600;5735647;5783999;5843041
Slovenia;1920076;1989789;2026688;2059278;2075126;2072067;2055822;2034970;2008244;1974457;1930059;1879559;1828835;1817383;1805307;1793909;1785144;1781020;1783573;1792841;1804298;1817052;1832854
TFYR Macedonia;1911615;1978140;2089277;2173864;2227697;2270119;2304447;2336469;2363436;2378086;2376314;2367543;2357672;2347444;2336009;2323474;2313970;2312996;2322395;2338598;2356091;2375513;2399892
Yugoslavia;10167754;10623107;10817923;11012033;11192608;11301340;11352075;11398767;11460769;11506507;11496825;11454404;11407914;11341589;11280910;11232920;11202701;11207021;11254063;11333859;11424614;11527696;11652799
Austria;7738008;8055878;8144901;8149318;8095745;8036152;7975181;7902453;7803588;7670501;7498885;7309165;7114295;7142517;7178146;7234455;7314418;7415805;7541102;7684159;7834754;7994942;8170556
Belgium;9978690;10130798;10317736;10441424;10513501;10569974;10630210;10691371;10745394;10780076;10779964;10765850;10757456;10819882;10901282;11008430;11146290;11316319;11516710;11745070;11991253;12254236;12537990
Cyprus;681368;744747;790224;837666;883600;926036;963463;994677;1023652;1053895;1083004;1108343;1130031;1138112;1149981;1164949;1182412;1202212;1224888;1251038;1279539;1309992;1342312
Denmark;5145777;5223258;5361778;5451375;5503140;5543431;5586080;5640238;5695909;5736857;5749985;5752763;5766195;5799801;5845931;5905973;5984385;6083169;6197107;6323137;6457126;6601310;6758536
Finland;4992098;5112687;5208264;5261341;5296578;5331871;5362716;5385188;5387214;5368622;5335174;5309153;5301731;5337359;5382196;5438036;5509323;5594209;5693386;5808450;5932543;6064938;6206959
France;56799490;57967400;59648793;61374889;62910243;64246990;65402261;66441273;67466863;68505592;69378095;70056185;70625684;71069118;71667543;72473576;73461437;74641504;76015997;77567904;79251026;81057980;82996241
Germany;79523175;81672709;82573585;82876249;82784211;82615741;82398474;82115511;81702641;81170630;80405300;79518265;78620705;78994221;79469630;80185410;81129758;82288371;83696241;85332590;87068751;88913001;90918175
Greece;10172029;10443201;10659147;10752151;10767840;10725249;10642063;10540241;10440864;10346971;10228882;10084570;9916961;9946859;10004753;10098599;10227239;10380582;10552788;10745681;10957156;11190010;11443932
Iceland;255076;267349;281709;294723;306599;318269;329689;340790;351126;360335;368270;375627;383010;385835;389592;394229;399892;406606;414313;423051;432493;442566;453341
Ireland;3518627;3615758;3835225;4074058;4355057;4635504;4881475;5095170;5306169;5540071;5787256;6024137;6235943;6278344;6343643;6430645;6534111;6648371;6773757;6917120;7075504;7246272;7427608
Italy;56783610;57320265;57902646;57867889;57339254;56438868;55353125;54219927;53090751;51926210;50546335;48963248;47259084;47351324;47555139;47928192;48478074;49189544;50012143;50911379;51876344;52934015;54106798
Luxembourg;382285;410197;440287;471720;504014;538196;574577;613421;653758;695013;736254;778031;821406;828052;836543;847098;859779;874550;891598;911035;931889;954069;977811
Malta;360534;378145;392456;403981;415477;426579;435438;441823;446074;449314;451849;454227;456510;459507;463750;469058;475439;482956;491468;501249;512144;523856;536314
Netherlands;14968493;15464028;15985383;16398574;16695262;16938750;17179207;17417334;17624595;17773897;17839918;17866888;17906794;18006554;18143772;18332325;18572499;18867211;19214524;19603943;20018315;20462547;20945034
Norway;4246298;4359362;4507602;4634667;4737464;4836268;4946607;5067930;5186833;5288958;5368027;5441124;5524606;5560523;5607471;5667476;5742045;5834655;5944316;6066812;6196943;6336272;6486882
Portugal;9909825;9939860;10083677;10222975;10309352;10341781;10332819;10316707;10318893;10331428;10309748;10244410;10143123;10179313;10249740;10357061;10501580;10673802;10861534;11067212;11293322;11542972;11815638
Spain;39347823;39713206;40136466;40374660;40285197;39941399;39406123;38762162;38091952;37401748;36552460;35507040;34277394;34320945;34468319;34743606;35160802;35680118;36249876;36876927;37568620;38337548;39184999
Sweden;8568545;8817190;8905942;8905342;8869886;8846419;8859099;8879795;8865313;8806208;8724420;8665760;8643386;8691805;8761320;8844381;8946044;9076681;9236460;9418781;9612438;9818181;10040986
Switzerland;6841858;7105550;7214709;7239545;7199164;7138811;7072908;6995741;6891100;6752145;6578761;6399446;6235934;6269113;6307617;6360235;6432056;6523985;6636287;6765881;6903194;7048111;7205607
Turkey;56161637;61654347;67437085;74345591;80810628;87059101;93310540;99759624;106441359;113121536;119517142;125526626;131368940;132525261;134103623;136048232;138393476;141020663;143917839;147165735;150676902;154446918;158465796
United Kingdom;57626324;58540526;59848782;60935806;61767424;62619781;63580864;64524441;65318116;65886805;66195407;66411614;66669606;67067572;67595068;68304440;69188904;70262910;71544046;73002627;74555829;76207091;77993218
Australia;16887858;18062386;19360155;20691385;21937760;23139558;24329878;25561601;26857590;28178461;29408354;30572621;31793009;31963193;32273687;32639994;33006156;33400999;33876833;34485884;35154582;35826878;36483786
Japan;123537405;125155324;128031996;130712152;132201859;132446480;131801702;130876582;130166682;129703992;128836893;127573556;126168491;126196030;126545060;127314648;128429041;129853609;131530047;133522210;135710101;138072678;140556778
New Zealand;3360473;3604290;3827848;4050462;4246781;4425862;4599890;4781343;4969794;5154302;5310866;5444122;5577675;5613767;5667774;5725747;5784773;5854251;5942004;6052766;6169700;6283980;6396384
Brunei Darussalam;271453;295779;333060;370236;407184;445534;485188;523754;560204;595239;629300;663920;699052;727230;754743;780788;804739;826387;845667;862336;877832;891369;902600
East Timor;781821;845205;749460;927003;1073379;1182471;1276920;1351719;1425634;1511409;1608288;1704986;1790405;1857993;1926920;1994474;2055229;2107239;2151412;2188891;2224466;2255730;2280392
Fiji;764252;771885;826467;884560;939709;988374;1028073;1062523;1096268;1127490;1151617;1168407;1178420;1225058;1270323;1314114;1355549;1393123;1425867;1453446;1478891;1501483;1520653
French Polynesia;206374;215728;236666;260814;285463;309659;333028;356293;379992;404093;427692;450721;473105;491591;509642;527032;543146;557594;570175;580759;590601;599370;606694
Indonesia;192736059;198709555;215165715;232849507;251502373;270577597;289398337;308001350;326879291;346302129;365451317;384138087;402210461;417825352;433088802;447751177;461394541;473677216;484331842;493222356;501442936;508737833;514862042
Malaysia;18848986;20123008;22576045;24881067;27268026;29673802;32135118;34659039;37169584;39666749;42067007;44413764;46713423;48572573;50376280;52085033;53667858;55098472;56355234;57417186;58392308;59240159;59948605
Myanmar;42796005;44601142;48508040;52261181;55848582;59569672;63613879;67728476;71854991;75937471;79868950;83695850;87313758;90750846;94097088;97275991;100222542;102891689;105228581;107186596;108985850;110562167;111879839
New Caledonia;180686;194005;218448;245046;271254;297212;323386;350317;378066;406469;434509;462220;489584;509035;527905;545889;562621;577887;591354;602696;613079;622236;629990
Papua New Guinea;3973569;4307873;4903744;5588069;6334676;7157787;8047219;8982274;9954354;10939864;11883520;12753995;13647891;14174676;14682861;15159538;15591772;15970560;16289568;16543253;16770575;16960284;17110973
Philippines;64472925;68775741;76996300;86513198;95812700;104544499;113068996;122027026;131506201;141190043;150253909;158633239;166585987;173079127;179384024;185394053;190979861;196016722;200370177;203952577;207221229;210071804;212443325
Republic of Korea;45280237;45136641;47229463;49081607;50652205;51867425;52853479;53744102;54522772;55202460;55621906;55857442;56084386;58422698;60665625;62817760;64879257;66833336;68631052;70226548;71725701;73088018;74302019
Samoa;169253;159487;161578;167380;177677;193292;210088;226201;240760;253414;264275;275414;285607;296596;307381;317480;326543;334479;341198;346645;351633;355861;359164
Singapore;3186021;3486359;4059579;4464768;4730647;4916682;5066102;5211077;5298758;5284027;5226237;5162227;5121699;5351394;5570584;5773686;5962608;6142022;6313137;6471307;6618766;6748231;6860672
Solomon Islands;336523;379634;457810;551526;658475;780050;915822;1064345;1222527;1383356;1533939;1676130;1825992;1895409;1961759;2023440;2078884;2127115;2167016;2197790;2225192;2247946;2265737
Thailand;57814390;59020529;63645734;68295421;72668811;76820341;80754437;84547495;88172355;91584331;94510660;97060834;99345505;103355345;107234018;110975422;114531229;117825062;120767684;123293397;125613693;127693002;129488403
Vanuatu;157851;173427;200892;232618;267541;305763;345690;386112;426348;465217;503475;542872;581627;604120;626002;646649;665294;681640;695529;706750;716933;725619;732470
Cambodia;9474037;11606974;13679006;16069253;18609105;21318611;24179438;27356201;30645402;34180611;37967529;42002765;46289236;48474339;50666115;52911527;55054906;57104391;59057316;60845255;62598444;64268862;65826473
China;1136578968;1240726574;1313106779;1384564195;1451884365;1520329244;1588248927;1658197865;1731392058;1808432880;1878811707;1944840889;2010836925;2091260503;2177597718;2267626126;2358966631;2450948652;2542508073;2631121161;2719628571;2806016393;2888415241
China, Hong Kong SAR;5612034;6308193;7042892;7538958;8003758;8443236;8880754;9372663;9925952;10507044;11029114;11544645;12109306;12628738;13142263;13637202;14167489;14731829;15290591;15836607;16394256;16945946;17484450
China, Macao SAR;366122;422964;455719;482773;505502;526783;548709;570489;589755;606404;619236;632428;649921;677169;703610;730308;758653;789085;820270;851139;883130;914214;943731
Democratic People's Republic of Korea;19632937;21737776;22958239;24132670;25352204;26748399;28303489;30146220;32135032;34291659;36506682;38941845;41642362;43447752;45316359;47226649;49110291;50969385;52800649;54529980;56240033;57877953;59437434
Lao People's Democratic Republic;4065432;4771497;5509636;6372313;7288632;8259131;9293933;10477170;11732442;13070050;14457161;15897252;17423751;18228811;19064530;19888274;20694523;21472516;22212857;22894907;23561586;24199045;24797782
Mongolia;2180160;2457553;2622239;2863091;3146501;3460349;3773795;4119719;4500351;4906927;5297585;5682192;6080716;6342806;6619915;6897633;7179343;7457528;7726611;7982193;8237377;8484306;8716746
Viet Nam;65003072;74155469;80793491;87912747;96605733;105683647;115038145;125212049;136232916;148363255;160531697;172931347;185847787;193932502;202373877;210791230;219278044;227584952;235616417;243309326;251023910;258453229;265462657
Afghanistan;13879161;19154003;21944737;26406182;31695198;36358874;41404288;46764998;52528390;58584149;64789086;70655525;75879119;77863683;79493922;80745224;81593041;82015023;81991380;81507274;80843067;79995697;78974013
Bangladesh;111669197;124228733;138349599;155390970;172917620;190894205;208838250;226374767;243613429;261621448;279822457;297245297;313610939;323403711;331836140;338801608;344178002;347844466;349709465;349676260;348706496;346772088;343889679
Bhutan;1721840;1837998;2102256;2428559;2789557;3189423;3609914;4032092;4458133;4872660;5260777;5625180;5984251;6163598;6316806;6441446;6535525;6596171;6622026;6611935;6584447;6538152;6473551
India;857511598;931446121;1015687370;1098182829;1179462478;1257477921;1331894353;1404482773;1475546366;1542995252;1606529680;1663770750;1715304542;1775403735;1828538424;1873984613;1910918843;1938728724;1957012404;1965012284;1967089288;1962987133;1952851405
Maldives;218889;251240;293403;344649;402999;467944;536672;606509;677355;746488;810312;869462;927806;955430;979011;998292;1012809;1022132;1026046;1024378;1020019;1012710;1002570
Nepal;18413584;20526193;23221260;26227547;29452564;32953815;36663401;40403502;44063639;47386387;50664545;53966619;57115404;58858454;60348396;61560836;62478985;63081898;63356606;63285962;63047342;62631266;62034663
Pakistan;111452286;124112746;142334910;162450465;184476159;208754628;234011575;259026157;283032335;304523764;325038725;345552619;364889071;376141555;385797510;393719796;399777187;403796126;405703775;405421824;404057198;401528405;397802863
Sri Lanka;17275979;18133965;19039466;20094799;21081324;21962390;22670696;23201805;23666096;24062161;24370338;24517064;24517876;25473812;26324858;27083048;27738587;28263818;28654147;28901168;29050213;29100197;29053678
Armenia;3544849;3753522;3860057;4001734;4143468;4254619;4323130;4364069;4404121;4446796;4466462;4464341;4456248;4604818;4782219;4978434;5183948;5391763;5608517;5835253;6075661;6317736;6556906
Azerbaijan;7175500;7648871;8218981;8812113;9389258;9970562;10525087;11054265;11548659;12023797;12490750;12978259;13474268;13992054;14600626;15228003;15848401;16464347;17120170;17802665;18509821;19204992;19887292
Belarus;10260128;10309317;10395454;10543806;10706927;10831115;10925135;11042196;11224547;11480489;11773645;12064325;12364000;12811341;13315397;13862186;14434982;15021330;15619625;16223787;16857536;17502386;18145368
Estonia;1571166;1482390;1423075;1390611;1364644;1331049;1291872;1253607;1221797;1199421;1182334;1166511;1151606;1193244;1240891;1292170;1344824;1398703;1454034;1509450;1567333;1626366;1685381
Georgia;5460227;5345583;5383837;5439549;5433097;5381463;5300973;5220537;5151043;5085618;5012101;4940165;4876851;5062123;5268768;5482718;5703393;5931511;6168194;6409216;6658984;6910385;7161304
Kazakhstan;16742698;16576161;16587346;17079811;17804360;18694809;19497754;20334433;21324461;22416475;23430786;24361491;25321411;26350963;27486604;28670576;29897418;31148351;32390644;33604292;34851586;36107391;37352425
Kyrgyzstan;4394683;4548553;5075414;5668835;6287670;6949098;7630904;8373230;9187172;10058820;10939311;11843223;12812639;13363002;13967600;14578980;15187723;15803955;16427676;17037638;17659457;18277559;18889048
Latvia;2670780;2512487;2467489;2478428;2481894;2474120;2458057;2442705;2436871;2450756;2482092;2523524;2571513;2661356;2766956;2882405;2999000;3116267;3238501;3363694;3495652;3629237;3762151
Lithuania;3722504;3699286;3773859;3860955;3909373;3943419;3976553;4015772;4064602;4125337;4198229;4285653;4385937;4549714;4738941;4932589;5122777;5318706;5529936;5748869;5975013;6199961;6424503
Republic of Moldova;4364132;4340844;4392452;4500114;4628422;4763295;4875323;4985845;5107570;5250018;5399320;5554763;5717890;5933051;6175837;6435903;6707961;6985653;7265032;7543769;7834811;8130076;8422788
Russian Federation;148297886;148193609;148492452;148639174;149019876;148861386;148210623;147555611;147493440;148287891;149394500;150824142;152633241;157977585;163995905;170664003;177784634;185142520;192587980;200086776;207994146;216111545;224200056
Tajikistan;5303369;5715710;6301470;6905324;7634263;8571007;9598023;10729524;11946334;13207034;14455450;15726398;17087859;17829910;18653484;19483167;20299369;21120822;21956210;22775422;23606237;24425834;25232222
Turkmenistan;3668153;4196310;4908036;5758263;6622752;7452902;8304122;9290079;10416747;11608255;12765701;13916202;15146572;15821925;16542453;17263414;17992410;18735776;19484337;20204205;20929582;21650300;22366547
Ukraine;51893616;51580484;50654555;49855517;49066706;48178092;47205132;46303909;45586858;45089321;44697735;44337112;43980790;45555352;47353926;49262336;51242983;53325020;55493142;57699935;59992950;62313395;64637041
Uzbekistan;20516107;22683673;25652523;29711666;34017889;38422630;42798223;47552686;53005412;58998004;64975458;70909426;77184324;80505152;84135431;87849045;91589368;95335773;99066443;102673245;106362747;110044900;113687928
Argentina;32381293;34989150;37780746;40657308;43584046;46616064;49779966;53177171;56790290;60641637;64576761;68583803;72652417;76706864;80816858;84957564;89164310;93391383;97597712;101782226;106023164;110299072;114619180
Bahamas;254064;284383;310027;335543;360817;388221;417065;447530;479006;511529;543960;576282;608559;642853;677422;712317;747127;782253;817415;852563;888075;923728;959789
Barbados;256017;263972;272594;280010;286872;293821;301160;308098;313906;318463;321092;322386;322952;341964;361148;380508;399876;419787;439994;460439;481132;501904;522898
Belize;184884;203401;230863;259434;286427;313697;343443;375104;407786;441088;473975;506691;539304;569194;599638;630408;661384;692517;723537;754373;785565;816938;848596
Bolivia;6543289;7440076;8515472;9650243;10850687;12161911;13533901;14967508;16425368;17904732;19448100;21022561;22600184;23842899;25107713;26378864;27655595;28939524;30212669;31471241;32740838;34017900;35307833
Brazil;147293745;160127664;173376325;188356597;204154527;219735626;235363122;251704202;268951252;287063648;305114182;323035591;341218554;360021548;379181324;398634449;418311363;438063500;457697375;477205439;496960134;516893224;537054556
Chile;13040785;14278500;15504046;16676305;17833368;19096148;20440073;21849471;23276524;24746345;26224397;27733683;29290942;30940080;32618477;34297522;35976901;37672399;39376586;41080663;42801370;44527632;46270598
Colombia;34812873;38665490;42923882;47249870;51854782;56671010;61762848;67066644;72547731;78014441;83533577;89113312;94766717;100059701;105424503;110817019;116241864;121693329;127150776;132576439;138054770;143563201;149130521
Costa Rica;3035097;3568597;4102008;4615645;5125250;5636054;6167130;6711288;7269724;7840899;8419000;9000589;9585613;10117269;10660193;11207947;11759213;12310803;12862367;13412529;13969262;14529022;15093825
Cuba;10581013;11033715;11409266;11695337;11949524;12220549;12486331;12728471;12949400;13131354;13263229;13333560;13376694;14160747;14963478;15757911;16538827;17352756;18192642;19042495;19887845;20733319;21589943
Dominican Republic;7029209;7725295;8531959;9343290;10128270;10886805;11628160;12374853;13120540;13908420;14695016;15476756;16259350;17150618;18061293;18983571;19906700;20833854;21757659;22674276;23600598;24533367;25476638
Ecuador;10217755;11498641;12894731;14311396;15718524;17145800;18626962;20150766;21729916;23348880;24953571;26546238;28132663;29695571;31284414;32889831;34509688;36142031;37769135;39384391;41016994;42661334;44322890
El Salvador;5088626;5687950;6406551;7141982;7882547;8637513;9417161;10234241;11081610;11971678;12863677;13749457;14622829;15432354;16251570;17074927;17912518;18758032;19596402;20424199;21260805;22105238;22960391
Guadeloupe;388951;410269;435874;459183;479772;498357;516656;534385;551021;566500;579153;589329;597471;632910;668400;703800;739213;775726;812468;849445;886816;924398;962469
Guatemala;8709780;10002717;11657412;13531064;15576119;17743852;20038018;22469336;24984971;27577872;30158104;32829863;35543484;37479802;39451502;41436910;43429077;45422902;47394561;49341926;51307240;53283731;55277852
Guyana;728213;745592;775064;798863;813166;818164;817873;815303;811368;805472;793424;774348;749426;791543;833299;876037;919643;963928;1008014;1051744;1095919;1140614;1186138
Haiti;6875621;7543219;8315416;9152915;10069084;11048610;12076019;13142590;14222132;15318972;16406056;17475550;18564029;19563908;20596522;21640133;22683956;23722452;24749323;25766939;26796558;27832268;28875621
Honduras;4848294;5641569;6561109;7496410;8456876;9454115;10496789;11594367;12706083;13840385;15001586;16174707;17338633;18286815;19253613;20226947;21204738;22185965;23159284;24121264;25091396;26067264;27052827
Jamaica;2358282;2477708;2625673;2802716;2998296;3219855;3472806;3741393;4021813;4314109;4607224;4900044;5191545;5482082;5777003;6075437;6375382;6676612;6977393;7277749;7582099;7888078;8196943
Martinique;358688;373466;390286;408562;423032;436336;448944;462102;475112;487733;498629;507750;515569;546262;577239;608089;638848;670401;702432;734747;767357;800099;833256
Mexico;82849890;91335277;100753619;110236720;119629143;129069878;138621153;148432795;158559585;168919612;179003783;188783603;198276189;209361035;220601271;231902577;243330087;254941934;266523081;278004141;289604703;301301910;313149186
Netherlands Antilles;186891;205730;219052;232742;245539;258014;269982;281460;292448;303035;313012;322616;331984;351092;370450;389986;409618;429439;449247;469203;489469;509791;530239
Nicaragua;3806548;4437919;5189856;6024392;6902745;7843761;8835776;9873384;10944175;12037994;13169592;14321427;15472492;16320103;17179584;18049383;18921463;19795907;20662301;21519190;22384193;23254298;24132983
Panama;2386780;2642460;2911609;3179837;3446516;3718894;3998253;4286216;4579194;4877298;5168866;5455322;5739547;6060020;6386283;6714866;7045408;7380399;7716137;8049998;8386897;8725855;9068741
Paraguay;4199833;4845038;5618158;6460523;7384875;8396176;9472376;10612356;11793275;12992249;14130214;15331521;16573072;17478623;18403198;19336008;20267796;21200243;22126188;23043647;23970150;24900686;25838055
Peru;21472576;23615447;26153187;28801380;31483913;34245137;37116593;40127455;43217051;46380195;49510926;52607024;55668839;58761585;61913028;65093958;68306892;71543564;74769851;77976306;81218104;84483200;87781194
Suriname;399806;409962;424176;445975;463366;478063;492384;506609;521715;537285;550274;560339;567778;599568;631918;665565;699143;733079;767201;801417;835881;870526;905538
Trinidad and Tobago;1209738;1266945;1313867;1367539;1424100;1480985;1536568;1585583;1627222;1665131;1698151;1726439;1746774;1845358;1946737;2052165;2158096;2263728;2369212;2476378;2585930;2696362;2807333
Uruguay;3091646;3237640;3406784;3570374;3733385;3906226;4104357;4321925;4554897;4804651;5058692;5318876;5586117;5902864;6222608;6542256;6866220;7193892;7520849;7846991;8177408;8510178;8846582
Venezuela;19414427;21931424;24647111;27390536;30255169;33232743;36287097;39414925;42693925;46115939;49553500;52989891;56448126;59572358;62760831;65974634;69210081;72456101;75697618;78924768;82184866;85462582;88771741
Canada;27655149;28878384;30216706;31534212;32712771;33864818;35019931;36161564;37241381;38221918;39077774;39885772;40740595;42101296;43615481;45286980;47102226;49047604;51130242;53356539;55713936;58212213;60871398
Guam;133693;142294;152579;170073;188247;207518;226620;244138;260821;278253;296082;314044;332039;344347;357755;372251;387919;404776;422911;442462;463126;485028;508286
Puerto Rico;3521975;3656848;3846334;4044622;4221481;4385083;4532049;4668147;4795369;4914861;5020513;5111090;5193491;5375531;5577745;5797227;6032472;6284269;6554419;6844312;7151691;7477630;7823799
United States of America;254355851;263945475;278133381;292154092;305805502;319822980;334197611;348577770;362694378;376382767;389531910;402733450;416538273;431037549;446946350;464396219;483326573;503662147;525500237;548915908;573664891;599872122;627738503
Angola;9790909;11625447;13763962;16149233;18925946;22189160;25719077;29525971;33526955;37598614;41943872;46348646;50679405;52582074;54090324;55193678;55872675;56083722;55814307;55046913;54178207;53150465;51960838
Benin;4762427;5627199;6559097;7707362;8928664;10192478;11478831;12743120;13936925;15003478;15993684;16837811;17624224;18446104;19146031;19717022;20143010;20404469;20496980;20412258;20249268;19995029;19658995
Botswana;1268269;1454934;1606653;1681078;1748476;1828591;1909512;1968303;2006403;2033906;2063113;2090362;2116053;2226297;2322750;2404203;2468629;2513300;2537298;2539703;2531781;2512202;2481436
Burkina Faso;9215786;10515766;12078676;14223067;16774612;19737181;22939182;26364746;29901496;33416481;37049171;40539864;43719440;45496457;46946414;48058412;48806965;49150173;49073828;48562528;47922526;47119145;46160005
Burundi;5766244;6228338;6644753;7799301;9207952;10460611;11706845;12908158;14091101;15284546;16582974;17851715;18978552;19758174;20397232;20890003;21225822;21388280;21370835;21160770;20886430;20538721;20125138
Cameroon;11882750;13594591;15540842;17622388;19717530;21757041;23697891;25475792;27021865;28209826;29348574;30542041;31703587;33314607;34719081;35898890;36825956;37464841;37796513;37802320;37655841;37331562;36830570
Cape Verde;349112;388461;445936;506145;563483;615460;661131;701023;735461;761489;782000;796444;806065;855803;901717;942917;978527;1006765;1027531;1039981;1047390;1049010;1045011
Central African Republic;3012716;3429659;3888219;4315903;4792686;5287990;5803836;6313295;6779838;7169237;7510499;7826867;8158121;8549267;8884628;9159751;9368707;9501504;9554659;9525625;9462098;9355258;9206426
Chad;5963334;6903575;8259990;9732919;11395244;13233211;15190811;17240520;19327552;21349843;23370614;25204835;26726797;27859617;28795063;29522214;30027822;30288290;30293099;30029671;29668236;29195027;28617718
Comoros;538875;623251;737339;868817;1007534;1145369;1278572;1403803;1516952;1607888;1690647;1771020;1845581;1943556;2029491;2102841;2161341;2202873;2226407;2230882;2226111;2210127;2183120
Republic of the Congo;2281921;2667598;3161779;3717609;4350640;5046649;5796488;6588318;7392080;8166262;8941714;9658704;10270313;10706389;11067269;11348916;11546347;11649667;11654990;11557587;11423364;11245937;11027479
Côte d'Ivoire;12872201;14727249;16711850;18867260;21058485;23132952;25019416;26619438;27849110;28821933;29861356;30836191;31698560;33364165;34827366;36071053;37059199;37755355;38143962;38206077;38104533;37814662;37353082
Democratic Republic of the Congo;37853842;45950300;53381953;63730981;75981175;89863654;104978490;120986453;137429727;153450361;169574250;184338502;196778280;204860310;211465613;216534608;219963561;221582283;221328950;219107153;216205254;212527145;208123092
Djibouti;515295;559150;660512;711942;735063;763476;809470;861171;912303;956454;998005;1032834;1067689;1113398;1151198;1180590;1200969;1211008;1210764;1200175;1185505;1166002;1141940
Equatorial Guinea;359828;409602;478345;556618;645907;741668;839915;938671;1034931;1123422;1206396;1275408;1338217;1400403;1453261;1496022;1527777;1547359;1554088;1547179;1534447;1514870;1489080
Eritrea;3174835;3267437;3825409;4808345;5471369;6138374;6806494;7452820;8037840;8524132;8939158;9314484;9704373;10183239;10598011;10941961;11207574;11384593;11467393;11450945;11390728;11276780;11110702
Ethiopia;48606513;56761608;65830369;75052816;85039699;95840967;107247644;119101095;130894641;142238319;154313530;166243742;177286152;184697565;190800165;195520625;198775898;200404486;200343111;198514736;196127268;193035663;189253366
Gabon;956605;1106434;1289673;1475870;1676391;1887766;2099412;2307033;2502370;2670337;2815688;2949445;3091341;3239518;3366895;3471325;3550860;3602578;3624504;3614894;3591993;3552252;3496267
Gambia;949642;1143606;1362253;1562646;1748171;1917329;2071299;2205989;2310467;2378481;2436115;2494557;2550214;2685688;2804957;2906105;2987043;3044765;3077473;3083861;3077680;3056402;3019823
Ghana;15488044;17703860;20141663;23065018;26011143;28827762;31402787;33577417;35269558;36636286;38044588;39301256;40328070;42572931;44568824;46296673;47708716;48759915;49417083;49654122;49667121;49429967;48951849
Guinea;6280854;7510096;8530734;9359302;10747259;12136915;13535897;14897685;16179573;17308269;18330465;19163151;19909237;20879069;21711443;22398099;22922538;23260992;23406735;23349699;23201096;22942739;22583891
Guinea-Bissau;968007;1104873;1255680;1431856;1631644;1844664;2063007;2282392;2497217;2693048;2878164;3032758;3175496;3318373;3438673;3534770;3604704;3645465;3655713;3633889;3599170;3548956;3484703
Kenya;24118529;27930894;31987324;36107493;40164970;43767425;46792034;49088195;50927462;52566687;54152516;55528339;56756329;59728850;62348575;64562933;66319522;67563369;68265654;68391063;68218511;67706370;66892196
Lesotho;1720715;1915522;2125415;2251882;2295281;2319972;2355789;2394088;2418662;2421361;2430269;2458876;2502774;2625759;2731613;2819225;2886405;2930436;2950285;2945120;2928838;2898855;2854818
Liberia;2193355;2087938;3048991;4075553;4999172;5931653;6921039;8020106;9198441;10379657;11583225;12730684;13761166;14312411;14761472;15108149;15340895;15445673;15421771;15266930;15068828;14809280;14496809
Madagascar;12232565;14128478;16715885;19718586;22872419;26141602;29540127;32988045;36312972;39302906;42080988;44437925;46629895;48842800;50734439;52279877;53443750;54176724;54457976;54269426;53879016;53244110;52381845
Malawi;9651530;10268236;11832847;13457887;15115399;16866450;18745625;20701215;22664308;24547633;26481422;28353250;30064017;31312121;32337787;33130529;33674057;33936279;33910971;33587970;33168523;32629906;31975768
Mali;8980887;10161972;11894767;13921417;16230673;18848494;21629822;24569295;27624351;30680678;33847128;36893591;39633740;41260427;42597859;43631104;44342968;44696614;44674602;44259077;43727351;43044577;42215026
Mauritania;2038425;2330611;2788144;3268391;3812305;4389693;5012444;5637124;6241045;6797738;7320940;7756240;8152211;8533348;8857513;9121498;9319208;9442576;9487354;9449039;9374881;9258407;9103512
Mauritius;1081072;1141466;1210975;1288616;1363231;1426368;1471011;1493694;1497515;1484545;1463978;1438096;1408317;1506809;1600277;1686962;1766572;1834403;1888877;1928153;1956610;1973642;1978553
Mozambique;13959795;16694590;19138506;21394261;23450400;25544279;27781641;30068092;32234963;34115235;35805510;37171905;38448909;40218653;41714332;42917173;43799823;44321223;44470544;44237277;43840527;43246992;42471048
Namibia;1406471;1623377;1836110;2049333;2277945;2524311;2775782;3005696;3192865;3325114;3443297;3565737;3683679;3869661;4031874;4167674;4274169;4347040;4383822;4382773;4364682;4326710;4268275
Niger;7885282;9333923;11354203;13750839;16562611;19705186;23150386;26898551;30901580;35058307;39577313;44255952;48990927;50789533;52201009;53220049;53828776;53984609;53676039;52888240;52027200;51024439;49870903
Nigeria;87938553;101697492;119057084;138290655;158174842;178136147;197714212;215985318;231655222;243349618;254023919;265010517;275654795;289333393;301159296;311004482;318643517;323750831;326177429;325796103;324172071;321034932;316371799
Réunion;617945;679005;753139;821917;879482;927283;964803;990658;1004685;1006571;1002691;993827;981057;1049548;1115219;1176761;1232616;1281085;1320537;1349523;1371222;1384826;1390069
Rwanda;6922530;5094802;7946855;8986052;10098032;11236122;12389964;13519983;14600133;15558311;16419078;17092122;17678128;18510220;19219876;19800125;20234586;20504208;20602734;20522181;20362011;20108529;19771958
Senegal;7495799;8500470;9841645;11352371;12930389;14506680;16048505;17471468;18700613;19635313;20496645;21359099;22169427;23314893;24312966;25148244;25805349;26257285;26489343;26491984;26389719;26162440;25809003
Sierra Leone;4154841;4181786;4612166;5848535;6692715;7590957;8525653;9488268;10452115;11367423;12268378;13083076;13765047;14348970;14831447;15207106;15468319;15602290;15604377;15469053;15284984;15042325;14745247
Somalia;7328178;7528486;9202124;11476541;13914187;16402404;19146411;22150516;25309316;28527665;31926012;35362363;38765346;40254614;41446496;42334304;42898289;43103183;42939319;42394708;41770009;41014731;40128884
South Africa;37216436;40950268;45142077;47983972;48938238;48889053;48546686;48390600;48320528;48239337;48423208;48893588;49708226;52308417;54613778;56596360;58188679;59338026;60032048;60235483;60197712;59854571;59216438
Swaziland;787129;855146;965557;1028070;1057462;1095302;1148005;1202852;1247437;1275670;1301868;1331267;1361776;1427560;1484246;1530763;1566208;1588998;1598514;1594291;1584357;1567554;1543654
Togo;3532476;3937184;4732800;5472779;6250771;7050752;7867266;8664841;9390139;9997564;10510554;10964430;11423058;11987924;12477077;12883369;13198050;13407265;13504865;13485764;13414895;13280205;13084055
Uganda;17643035;20597882;24406331;28924786;34707625;41332929;48585576;56380640;64564110;72806656;81369809;89591339;97114508;100887763;103917290;106180132;107634049;108190042;107821421;106491060;104907796;102988586;100745128
United Republic of Tanzania;26644840;31599796;36688171;42280127;47929635;53903446;59852792;65452127;70276398;73928718;77192610;80382376;83304923;87559656;91263193;94367825;96793482;98454889;99301181;99298504;98901554;98033098;96691744
Zambia;8234465;9438927;10899652;12360118;14024906;15980712;18092862;20257043;22331122;24195431;25945038;27436667;28604536;29886165;30963374;31823938;32448459;32807498;32887003;32678488;32351326;31891313;31306770
Zimbabwe;10477388;11744717;13184744;14734848;16322660;17886872;19297955;20401361;21295186;22110352;22897418;23583564;24179271;25417859;26492182;27385867;28083496;28561023;28805062;28803309;28684564;28433946;28056862
Algeria;24921976;27672224;31134108;34897382;38868884;42939178;47255890;51856226;56743211;61827772;66962560;72175293;77445183;84562033;91784136;99022583;106179707;113094103;119606522;125564915;131428276;137090188;142436687
Bahrain;491270;571845;651496;727608;801507;878863;960821;1045748;1130794;1215859;1302261;1394467;1493946;1634931;1778786;1923275;2066365;2204504;2336887;2461096;2584141;2702561;2814110
Egypt;56374583;62018827;69742295;78349928;87496668;96606278;106377780;116957620;128510078;140725565;153105875;165790392;178820209;195045360;211554196;228077232;244298123;259853700;274449979;287722408;300788297;313356714;325161576
Iran (Islamic Republic of);58592167;64628829;72013693;79225473;87694061;98393512;109763729;121182320;132666122;144726133;157590364;171233020;185040770;201843616;219094839;236500899;253446099;269657282;284877947;298827974;312652727;326001338;338513127
Iraq;17317192;20059852;23798257;28301594;33298440;38500667;43885458;49488992;55081322;60851885;67107266;73699064;80433466;87622590;94893571;102105353;109135235;115855984;122087704;127674105;133142687;138373299;143240040
Israel;4525842;5333891;6198680;7060707;7878981;8620418;9325198;10116275;11008442;11968256;12937149;13917970;14935538;16332097;17746416;19161812;20569765;21949002;23258964;24468220;25664316;26825644;27932093
Jordan;3262757;4252991;5097885;6124543;7229130;8360012;9536387;10807452;12166145;13541958;15012857;16529093;18064912;19675696;21292950;22895690;24460911;25960590;27351244;28590773;29799618;30956133;32037190
Kuwait;2148768;1682938;1938442;2267564;2671303;3100779;3503875;3876911;4260712;4693468;5167565;5655398;6128594;6676572;7246499;7828783;8407678;8956277;9463908;9934228;10406994;10869995;11308165
Lebanon;2720768;3173119;3578329;3958141;4318837;4666967;5027261;5395886;5769463;6140336;6498609;6846256;7181382;7865376;8567154;9270912;9966718;10651040;11310718;11924149;12526261;13106759;13657172
Libyan Arab Jamahiriya;4322540;4749417;5435553;6244192;7127862;7959121;8761630;9651657;10655300;11737125;12825383;13900713;14979447;16338614;17709877;19099676;20472600;21797512;23036141;24158740;25264312;26333687;27344812
Morocco;24690705;27236826;30735152;34817311;38951588;42887059;46871004;51339083;56329994;61621630;66867145;72074130;77341499;84415159;91565160;98704765;105756749;112573136;118973560;124787184;130486388;135968337;141139697
Occupied Palestinian Territory;2160263;2641447;3341026;4182190;5153932;6266380;7561401;9089660;10845338;12741559;14669837;16584918;18423561;19991876;21555051;23078929;24538800;25904643;27137275;28201346;29223507;30189288;31084946
Oman;1789311;2155242;2633490;3221474;3931716;4754149;5682375;6746875;7968830;9308228;10680292;12033811;13423070;14562338;15701990;16817574;17885919;18880327;19778299;20554630;21308621;22021909;22683023
Qatar;454407;510200;575690;633457;693065;753565;813074;872900;935698;1001380;1070070;1144291;1226297;1339444;1454953;1570446;1682820;1791071;1894545;1990297;2084260;2174062;2258382
Saudi Arabia;15441879;17099929;21095048;25630451;30870139;36730901;43211692;50385482;58176476;66301024;74378194;82261868;90689440;98667249;106690749;114589110;122266355;129521979;136173143;142061277;147788384;153193438;158183726
Sudan;24885121;27987491;32227055;37724676;43420400;49268041;55419784;61949608;68667437;75691342;83234384;91093129;99107978;107932713;116788232;125553155;134091510;142234349;149757425;156453889;162983692;169214649;175010347
Syrian Arab Republic;12419305;14238829;16728290;19788086;23228287;26840334;30437571;34000510;37836403;42166825;46735635;51346603;55837007;60823210;65901288;70974789;75941712;80683220;85092485;89068998;92968056;96719072;100241150
Tunisia;8177807;8953094;9659834;10605558;11663355;12775715;13910657;15055272;16240009;17500803;18819973;20186199;21552972;23531799;25551893;27587565;29606426;31557364;33398007;35087354;36757404;38377405;39912345
United Arab Emirates;2019641;2339737;2638575;2932777;3229164;3501551;3751595;3995098;4248827;4519394;4800008;5095966;5412984;5915143;6434314;6959188;7477385;7980543;8456273;8901204;9349178;9784736;10197400
Western Sahara;178609;213164;260567;314190;369581;424873;482758;546629;616545;691796;770664;852597;937338;1021358;1105278;1188518;1270292;1348779;1421387;1486007;1549101;1609548;1666072
Yemen;11620738;14951109;19326537;24526198;30992599;38984127;48942422;61496318;76848361;94734682;114668503;136505753;159755291;172397284;184756626;196579730;207604039;217558139;226146420;233080851;240002609;246700316;252965741
